maria,maria
afrida,afrida
agnieszka,agnieszka
aleksandra,aleksandra
alex,alex
amaor,amaor
anna,anna
annelien,annelien
aoi,aoi
armelle,armelle
arrivaldi,arrivaldi
ascon,ascon
assefa,assefa
baisakhi,baisakhi
bankei,bankei
barbara,barbara
baudouin,baudouin
bayu,bayu
bian,bian
carole,carole
cory,cory
daan,daan
daisuke,daisuke
dariusz,dariusz
deepti,deepti
demi,demi
didier,didier
ding,ding
dominik,dominik
donatien,donatien
eduard,eduard
edyta,edyta
eka,eka
fa,fa
fildzhah,fildzhah
geertruida,geertruida
gerdi,gerdi
greta,greta
gretel,gretel
gudrun,gudrun
harihar,harihar
henrik,henrik
herold,herold
himanshu,himanshu
janet,janet
jermaine,jermaine
johanna,johanna
kambiri,kambiri
kenjiro,kenjiro
khadija,khadija
kumiko,kumiko
kusuma,kusuma
lazare,lazare
lena,lena
leng,leng
loren,loren
margarita,margarita
mariusz,mariusz
marlis,marlis
maro,maro
melisent,melisent
mi,mi
michael,michael
monyyak,monyyak
onaedo,onaedo
onesime,onesime
ou,ou
patakin,patakin
philipp,philipp
piotr,piotr
pururava,pururava
qiang,qiang
qiu,qiu
rachel,rachel
rafiki,rafiki
randy,randy
rashida,rashida
rashidi,rashidi
rofiqotul,rofiqotul
roosevelt,roosevelt
rui,rui
sandrine,sandrine
sha,sha
sumi,sumi
suprabha,suprabha
sybylla,sybylla
tami,tami
tanak,tanak
tomasz,tomasz
trishanku,trishanku
tubagus,tubagus
usaku,usaku
valerie,valerie
wilhelmina,wilhelmina
wit,wit
wolfram,wolfram
yasmina,yasmina
yera,yera
yosua,yosua
zara,zara
zarine,zarine
